<?xml version="1.0"?>
<PAL PALVERSION="2.0" NAME="All" DESCRIPTION="This runs the counter log through all of the threshold files." CONTENTOWNERS="Clint Huffman" FEEDBACKEMAILADDRESS="clinth@microsoft.com" VERSION="0.1" LANGUAGE="English" LANGUAGECODE="en">
	<INHERITANCE FILEPATH="ActiveDirectory.xml" />
	<INHERITANCE FILEPATH="Asp.xml" />
	<INHERITANCE FILEPATH="AspDotNet.xml" />
	<INHERITANCE FILEPATH="BizTalkServer2006.xml" />
	<INHERITANCE FILEPATH="CitrixXenApp.xml" />
	<INHERITANCE FILEPATH="DotNet.xml" />
	<INHERITANCE FILEPATH="DynamicsAX.xml" />
	<INHERITANCE FILEPATH="DynamicsAX2012AOS.xml" />
	<INHERITANCE FILEPATH="DynamicsCRM2013_BackEnd_Basic.xml" />
	<INHERITANCE FILEPATH="DynamicsCRM2013_FrontEnd_Basic.xml" />
	<INHERITANCE FILEPATH="DynamicsCRM2013_FullServer_Basic.xml" />
	<INHERITANCE FILEPATH="EMRA.xml" />
	<INHERITANCE FILEPATH="Exchange.xml" />
	<INHERITANCE FILEPATH="Exchange2003.xml" />
	<INHERITANCE FILEPATH="Exchange2007-CAS-TechNet.xml" />
	<INHERITANCE FILEPATH="Exchange2007-CAS.xml" />
	<INHERITANCE FILEPATH="Exchange2007-Common-TechNet.xml" />
	<INHERITANCE FILEPATH="Exchange2007-EDGE-TechNet.xml" />
	<INHERITANCE FILEPATH="Exchange2007-HUB-TechNet.xml" />
	<INHERITANCE FILEPATH="Exchange2007-HUB.xml" />
	<INHERITANCE FILEPATH="Exchange2007-HUBCAS-TechNet.xml" />
	<INHERITANCE FILEPATH="Exchange2007-HUBCAS.xml" />
	<INHERITANCE FILEPATH="Exchange2007-HUBCASMBX-TechNet.xml" />
	<INHERITANCE FILEPATH="Exchange2007-HUBMBX-TechNet.xml" />
	<INHERITANCE FILEPATH="Exchange2007-MBX-TechNet.xml" />
	<INHERITANCE FILEPATH="Exchange2007-MBX.xml" />
	<INHERITANCE FILEPATH="Exchange2007-UM-TechNet.xml" />
	<INHERITANCE FILEPATH="Exchange2010.xml" />
	<INHERITANCE FILEPATH="FS4SP.xml" />
	<INHERITANCE FILEPATH="HyperV.xml" />
	<INHERITANCE FILEPATH="HyperV30.xml" />
	<INHERITANCE FILEPATH="ICIPThresholds.xml" />
	<INHERITANCE FILEPATH="IIS.xml" />
	<INHERITANCE FILEPATH="logrhythm-SLF.xml" />
	<INHERITANCE FILEPATH="Lync2010-Edge.xml" />
	<INHERITANCE FILEPATH="Lync2010-FrontEnd.xml" />
	<INHERITANCE FILEPATH="Lync2010-Mediation.xml" />
	<INHERITANCE FILEPATH="Lync2010-Monitoring_Archiving.xml" />
	<INHERITANCE FILEPATH="Lync2010.xml" />
	<INHERITANCE FILEPATH="Lync2013-Edge.xml" />
	<INHERITANCE FILEPATH="Lync2013-FrontEnd.xml" />
	<INHERITANCE FILEPATH="Lync2013-Mediation.xml" />
	<INHERITANCE FILEPATH="MOSS_Search.xml" />
	<INHERITANCE FILEPATH="OCS2007R2-Archiving.xml" />
	<INHERITANCE FILEPATH="OCS2007R2-CWA.xml" />
	<INHERITANCE FILEPATH="OCS2007R2-Edge.xml" />
	<INHERITANCE FILEPATH="OCS2007R2-Enterprise.xml" />
	<INHERITANCE FILEPATH="OCS2007R2-Mediation.xml" />
	<INHERITANCE FILEPATH="OCS2007R2-Monitoring.xml" />
	<INHERITANCE FILEPATH="OCS2007R2-Standard.xml" />
	<INHERITANCE FILEPATH="PAL_VMwareView_VDM.xml" />
	<INHERITANCE FILEPATH="PowerStates.xml" />
	<INHERITANCE FILEPATH="PrintServer.xml" />
	<INHERITANCE FILEPATH="ProjectServer.xml" />
	<INHERITANCE FILEPATH="QuickSystemOverview.xml" />
	<INHERITANCE FILEPATH="SharePoint.xml" />
	<INHERITANCE FILEPATH="SP2013.xml" />
	<INHERITANCE FILEPATH="SPS2010.xml" />
	<INHERITANCE FILEPATH="SQLServer.xml" />
	<INHERITANCE FILEPATH="SQLServer2008R2.xml" />
	<INHERITANCE FILEPATH="SQLServer2012.xml" />
	<INHERITANCE FILEPATH="SystemOverview.xml" />
	<INHERITANCE FILEPATH="TMG2010.xml" />
	<INHERITANCE FILEPATH="UAG2010.xml" />
	<INHERITANCE FILEPATH="VMWare.xml" />
</PAL>
